best_step_mean,best_step_std,best_val_ce_mean,best_val_ce_std,elapsed_sec_mean,elapsed_sec_std,eval_elapsed_sec_mean,eval_elapsed_sec_std,family,final_train_ce_mean,final_train_ce_std,final_val_ce_mean,final_val_ce_std,final_val_ppl_mean,final_val_ppl_std,max_memory_mb_mean,max_memory_mb_std,model,n,parameter_count_mean,parameter_count_std,scale,tokens_per_sec_mean,tokens_per_sec_std,tokens_seen_mean,tokens_seen_std,train_elapsed_sec_mean,train_elapsed_sec_std,wall_tokens_per_sec_mean,wall_tokens_per_sec_std
833.3333333333334,124.72191289246472,2.255471388498942,0.019800390427234468,2433.02664916667,87.64938573551284,10.60184499999256,0.4835355835711259,drm,2.298568328221639,0.07805757861099821,2.2991694609324136,0.05050632732733245,9.978474410017041,0.49520266603798907,3836.5712890625,1.4142135623730951,drm_125m_real,3,125161862.0,0.0,125m_real,847.7621955222768,29.817241781528107,2048000.0,0.0,2418.830999533146,86.98521078228026,842.8193187897947,29.686798050530726
500.0,141.4213562373095,2.8902331988016763,0.04071113075422267,79.63351053333706,0.4434726491673271,0.20824823334017614,0.0032820675291931525,gpt2,3.008860429128011,0.03492908453153845,2.9940714836120605,0.016472567863694203,19.96951029436121,0.3270114128411547,4316.711751302083,0.11785113019775792,gpt2_125m_real,3,126080640.0,0.0,125m_real,26178.619582335257,247.06012884313822,2048000.0,0.0,78.2387137334105,0.7347411765973694,25718.614862952745,143.38662144788037
700.0,355.9026084010437,2.9251956144968667,0.03889872045645513,72.3398797000021,0.737231464796804,0.20842916667849445,0.0029778686455149937,opt,3.0099024772644043,0.015363615615409089,3.0132358074188232,0.08164728835826106,20.422233740315626,1.7082327174518321,3016.904296875,0.0,opt_125m_real,3,126082432.0,0.0,125m_real,28752.02413336585,347.5033973024377,2048000.0,0.0,71.24026363328933,0.86842123728406,28313.732404961353,287.5626991777863
