{
  "runs": [
    {
      "model": "drm_125m_real",
      "family": "drm",
      "scale": "125m_real",
      "seed": 1,
      "parameter_count": 125161862,
      "best_val_ce": 2.2282092571258545,
      "best_step": 1000,
      "final_train_ce": 2.208221673965454,
      "final_val_ce": 2.2282092571258545,
      "final_val_ppl": 9.283227312893972,
      "elapsed_sec": 2555.596243299995,
      "train_elapsed_sec": 2540.337773999563,
      "eval_elapsed_sec": 11.2621154999797,
      "tokens_seen": 2048000,
      "tokens_per_sec": 806.1920036624044,
      "wall_tokens_per_sec": 801.3785453665619,
      "max_memory_mb": 3834.5712890625
    },
    {
      "model": "drm_125m_real",
      "family": "drm",
      "scale": "125m_real",
      "seed": 2,
      "parameter_count": 125161862,
      "best_val_ce": 2.2635648250579834,
      "best_step": 700,
      "final_train_ce": 2.288809061050415,
      "final_val_ce": 2.341707944869995,
      "final_val_ppl": 10.398982292513638,
      "elapsed_sec": 2387.7463257000054,
      "train_elapsed_sec": 2374.712460100025,
      "eval_elapsed_sec": 10.117624899983639,
      "tokens_seen": 2048000,
      "tokens_per_sec": 862.4202021973373,
      "wall_tokens_per_sec": 857.7125542846753,
      "max_memory_mb": 3837.5712890625
    },
    {
      "model": "drm_125m_real",
      "family": "drm",
      "scale": "125m_real",
      "seed": 3,
      "parameter_count": 125161862,
      "best_val_ce": 2.2746400833129883,
      "best_step": 800,
      "final_train_ce": 2.398674249649048,
      "final_val_ce": 2.3275911808013916,
      "final_val_ppl": 10.253213624643513,
      "elapsed_sec": 2355.737378500009,
      "train_elapsed_sec": 2341.4427644998505,
      "eval_elapsed_sec": 10.425794600014342,
      "tokens_seen": 2048000,
      "tokens_per_sec": 874.6743807070885,
      "wall_tokens_per_sec": 869.3668567181468,
      "max_memory_mb": 3837.5712890625
    },
    {
      "model": "gpt2_125m_real",
      "family": "gpt2",
      "scale": "125m_real",
      "seed": 1,
      "parameter_count": 126080640,
      "best_val_ce": 2.914231538772583,
      "best_step": 600,
      "final_train_ce": 3.021012306213379,
      "final_val_ce": 3.0056638717651367,
      "final_val_ppl": 20.199621604175338,
      "elapsed_sec": 79.06308980000904,
      "train_elapsed_sec": 77.23129010022967,
      "eval_elapsed_sec": 0.20560320001095533,
      "tokens_seen": 2048000,
      "tokens_per_sec": 26517.74944251397,
      "wall_tokens_per_sec": 25903.364075201698,
      "max_memory_mb": 4316.87841796875
    },
    {
      "model": "gpt2_125m_real",
      "family": "gpt2",
      "scale": "125m_real",
      "seed": 2,
      "parameter_count": 126080640,
      "best_val_ce": 2.832911252975464,
      "best_step": 600,
      "final_train_ce": 2.961319923400879,
      "final_val_ce": 3.005774736404419,
      "final_val_ppl": 20.20186115207916,
      "elapsed_sec": 80.1444799000019,
      "train_elapsed_sec": 78.96285720009473,
      "eval_elapsed_sec": 0.20626760000595823,
      "tokens_seen": 2048000,
      "tokens_per_sec": 25936.244870297614,
      "wall_tokens_per_sec": 25553.849779240398,
      "max_memory_mb": 4316.62841796875
    },
    {
      "model": "gpt2_125m_real",
      "family": "gpt2",
      "scale": "125m_real",
      "seed": 3,
      "parameter_count": 126080640,
      "best_val_ce": 2.9235568046569824,
      "best_step": 300,
      "final_train_ce": 3.0442490577697754,
      "final_val_ce": 2.970775842666626,
      "final_val_ppl": 19.507048126829137,
      "elapsed_sec": 79.69296190000023,
      "train_elapsed_sec": 78.5219938999071,
      "eval_elapsed_sec": 0.21287390000361484,
      "tokens_seen": 2048000,
      "tokens_per_sec": 26081.864434194187,
      "wall_tokens_per_sec": 25698.630734416136,
      "max_memory_mb": 4316.62841796875
    },
    {
      "model": "opt_125m_real",
      "family": "opt",
      "scale": "125m_real",
      "seed": 1,
      "parameter_count": 126082432,
      "best_val_ce": 2.9294638633728027,
      "best_step": 200,
      "final_train_ce": 3.006931781768799,
      "final_val_ce": 2.9416580200195312,
      "final_val_ppl": 18.9472351786208,
      "elapsed_sec": 73.31760019999638,
      "train_elapsed_sec": 72.46792569986428,
      "eval_elapsed_sec": 0.2108598000195343,
      "tokens_seen": 2048000,
      "tokens_per_sec": 28260.77854749243,
      "wall_tokens_per_sec": 27933.26560625891,
      "max_memory_mb": 3016.904296875
    },
    {
      "model": "opt_125m_real",
      "family": "opt",
      "scale": "125m_real",
      "seed": 2,
      "parameter_count": 126082432,
      "best_val_ce": 2.8755640983581543,
      "best_step": 900,
      "final_train_ce": 2.9927480220794678,
      "final_val_ce": 3.127490520477295,
      "final_val_ppl": 22.81664972326606,
      "elapsed_sec": 72.16456740000285,
      "train_elapsed_sec": 70.59697830033838,
      "eval_elapsed_sec": 0.20423550001578405,
      "tokens_seen": 2048000,
      "tokens_per_sec": 29009.740208529347,
      "wall_tokens_per_sec": 28379.578424520827,
      "max_memory_mb": 3016.904296875
    },
    {
      "model": "opt_125m_real",
      "family": "opt",
      "scale": "125m_real",
      "seed": 3,
      "parameter_count": 126082432,
      "best_val_ce": 2.9705588817596436,
      "best_step": 1000,
      "final_train_ce": 3.0300276279449463,
      "final_val_ce": 2.9705588817596436,
      "final_val_ppl": 19.502816319060017,
      "elapsed_sec": 71.53747150000709,
      "train_elapsed_sec": 70.65588689966535,
      "eval_elapsed_sec": 0.21019220000016503,
      "tokens_seen": 2048000,
      "tokens_per_sec": 28985.553644075764,
      "wall_tokens_per_sec": 28628.353184104322,
      "max_memory_mb": 3016.904296875
    }
  ],
  "aggregate": [
    {
      "model": "drm_125m_real",
      "family": "drm",
      "scale": "125m_real",
      "n": 3,
      "parameter_count_mean": 125161862.0,
      "parameter_count_std": 0.0,
      "best_val_ce_mean": 2.255471388498942,
      "best_val_ce_std": 0.019800390427234468,
      "best_step_mean": 833.3333333333334,
      "best_step_std": 124.72191289246472,
      "final_train_ce_mean": 2.298568328221639,
      "final_train_ce_std": 0.07805757861099821,
      "final_val_ce_mean": 2.2991694609324136,
      "final_val_ce_std": 0.05050632732733245,
      "final_val_ppl_mean": 9.978474410017041,
      "final_val_ppl_std": 0.49520266603798907,
      "elapsed_sec_mean": 2433.02664916667,
      "elapsed_sec_std": 87.64938573551284,
      "train_elapsed_sec_mean": 2418.830999533146,
      "train_elapsed_sec_std": 86.98521078228026,
      "eval_elapsed_sec_mean": 10.60184499999256,
      "eval_elapsed_sec_std": 0.4835355835711259,
      "tokens_seen_mean": 2048000.0,
      "tokens_seen_std": 0.0,
      "tokens_per_sec_mean": 847.7621955222768,
      "tokens_per_sec_std": 29.817241781528107,
      "wall_tokens_per_sec_mean": 842.8193187897947,
      "wall_tokens_per_sec_std": 29.686798050530726,
      "max_memory_mb_mean": 3836.5712890625,
      "max_memory_mb_std": 1.4142135623730951
    },
    {
      "model": "gpt2_125m_real",
      "family": "gpt2",
      "scale": "125m_real",
      "n": 3,
      "parameter_count_mean": 126080640.0,
      "parameter_count_std": 0.0,
      "best_val_ce_mean": 2.8902331988016763,
      "best_val_ce_std": 0.04071113075422267,
      "best_step_mean": 500.0,
      "best_step_std": 141.4213562373095,
      "final_train_ce_mean": 3.008860429128011,
      "final_train_ce_std": 0.03492908453153845,
      "final_val_ce_mean": 2.9940714836120605,
      "final_val_ce_std": 0.016472567863694203,
      "final_val_ppl_mean": 19.96951029436121,
      "final_val_ppl_std": 0.3270114128411547,
      "elapsed_sec_mean": 79.63351053333706,
      "elapsed_sec_std": 0.4434726491673271,
      "train_elapsed_sec_mean": 78.2387137334105,
      "train_elapsed_sec_std": 0.7347411765973694,
      "eval_elapsed_sec_mean": 0.20824823334017614,
      "eval_elapsed_sec_std": 0.0032820675291931525,