best_step_mean,best_step_std,best_val_ce_mean,best_val_ce_std,elapsed_sec_mean,elapsed_sec_std,eval_elapsed_sec_mean,eval_elapsed_sec_std,family,final_train_ce_mean,final_train_ce_std,final_val_ce_mean,final_val_ce_std,final_val_ppl_mean,final_val_ppl_std,max_memory_mb_mean,max_memory_mb_std,model,n,parameter_count_mean,parameter_count_std,scale,tokens_per_sec_mean,tokens_per_sec_std,tokens_seen_mean,tokens_seen_std,train_elapsed_sec_mean,train_elapsed_sec_std,wall_tokens_per_sec_mean,wall_tokens_per_sec_std
866.6666666666666,94.28090415820634,2.306262969970703,0.03912697571592269,1202.5570238333332,300.51128851673946,4.123106066666878,1.1063924244677645,drm,2.2820546627044678,0.01593826484512816,2.3225136597951255,0.04676763404487758,10.21235907980346,0.47194363137781753,1131.76171875,0.0,drm_125m,3,37253702.0,0.0,125m,1806.5070917155476,385.1742405760317,2048000.0,0.0,1197.4497150999966,299.289270580209,1798.800959541134,383.47253589540713
766.6666666666666,188.56180831641268,2.8914126555124917,0.02111892754509135,33.99031326666712,0.6631604075355233,0.10905306666609249,0.006297401799238895,gpt2,2.91168204943339,0.01865658671041799,2.9251863956451416,0.016593992375445205,18.640275342634517,0.3110128879515242,2139.2491861979165,0.5252661701392257,gpt2_125m,3,36915984.0,0.0,125m,61382.227166998164,1257.3934589141609,2048000.0,0.0,33.37873916666528,0.6850989631752032,60275.59637316866,1185.9133581885403
600.0,163.2993161855452,2.8926997979482016,0.024848186347712457,30.798151166666987,0.11732718075083291,0.105271700001443,0.0004209059140002135,opt,2.92262856165568,0.06225615829727747,2.9729342460632324,0.05356384510917694,19.57701676792683,1.034815598801327,1568.79736328125,0.0,opt_125m,3,36916992.0,0.0,125m,67926.23111250078,450.82352012108834,2048000.0,0.0,30.151682533332252,0.199983271416064,66498.46391217089,253.51344973307292
