best_step,best_val_ce,elapsed_sec,eval_elapsed_sec,family,final_train_ce,final_val_ce,final_val_ppl,max_memory_mb,model,parameter_count,scale,seed,tokens_per_sec,tokens_seen,train_elapsed_sec,wall_tokens_per_sec
800,2.3054184913635254,1626.846645300001,5.687556700000641,drm,2.295283317565918,2.3391079902648926,10.371980527505938,1131.76171875,drm_125m,37253702,125m,1,1264.1863126153228,2048000,1620.0143757000023,1258.8771080032166
1000,2.258770227432251,1011.4903919999997,3.363836299997274,drm,2.2596354484558105,2.258770227432251,9.571311390070475,1131.76171875,drm_125m,37253702,125m,2,2033.4529720850992,2048000,1007.1538550999703,2024.7350011407727
800,2.354600191116333,969.3340341999992,3.317925200002719,drm,2.291245222091675,2.3696627616882324,10.693785321833962,1131.76171875,drm_125m,37253702,125m,3,2121.881990446221,2048000,965.180914500017,2112.790769479413
900,2.878802537918091,33.09773200000018,0.10178019999875687,gpt2,2.9100236892700195,2.915748119354248,18.462619480395354,2138.50634765625,gpt2_125m,36915984,125m,1,62887.1266109009,2048000,32.56628360000468,61877.351596175504
500,2.8742709159851074,34.68589609999981,0.11714089999986754,gpt2,2.9353156089782715,2.9112982749938965,18.38064621661941,2139.62060546875,gpt2_125m,36915984,125m,2,59809.40209584004,2048000,34.24210789999597,59044.17155882593
900,2.9211645126342773,34.18731170000137,0.10823809999965306,gpt2,2.88970685005188,2.9485127925872803,19.077560330888783,2139.62060546875,gpt2_125m,36915984,125m,3,61450.15279425355,2048000,33.327825999995184,59905.265964504535
400,2.8677148818969727,30.933841199999733,0.10486010000022361,opt,2.8972132205963135,2.991086483001709,19.907299688801373,1568.79736328125,opt_125m,36916992,125m,1,67390.5094004762,2048000,30.390035900003568,66205.80957789418
800,2.9265923500061035,30.8130084000004,0.10510509999949136,opt,3.008338212966919,3.0275487899780273,20.64656145360838,1568.79736328125,opt_125m,36916992,125m,2,67894.73523334473,2048000,30.164341800013062,66465.43477396948
600,2.8837921619415283,30.64760390000083,0.10584990000461403,opt,2.8623342514038086,2.900167465209961,18.17718916137073,1568.79736328125,opt_125m,36916992,125m,3,68493.44870368141,2048000,29.90066989998013,66824.14738464903
