{
  "runs": [
    {
      "model": "drm_125m",
      "family": "drm",
      "scale": "125m",
      "seed": 1,
      "parameter_count": 37253702,
      "best_val_ce": 2.3054184913635254,
      "best_step": 800,
      "final_train_ce": 2.295283317565918,
      "final_val_ce": 2.3391079902648926,
      "final_val_ppl": 10.371980527505938,
      "elapsed_sec": 1626.846645300001,
      "train_elapsed_sec": 1620.0143757000023,
      "eval_elapsed_sec": 5.687556700000641,
      "tokens_seen": 2048000,
      "tokens_per_sec": 1264.1863126153228,
      "wall_tokens_per_sec": 1258.8771080032166,
      "max_memory_mb": 1131.76171875
    },
    {
      "model": "drm_125m",
      "family": "drm",
      "scale": "125m",
      "seed": 2,
      "parameter_count": 37253702,
      "best_val_ce": 2.258770227432251,
      "best_step": 1000,
      "final_train_ce": 2.2596354484558105,
      "final_val_ce": 2.258770227432251,
      "final_val_ppl": 9.571311390070475,
      "elapsed_sec": 1011.4903919999997,
      "train_elapsed_sec": 1007.1538550999703,
      "eval_elapsed_sec": 3.363836299997274,
      "tokens_seen": 2048000,
      "tokens_per_sec": 2033.4529720850992,
      "wall_tokens_per_sec": 2024.7350011407727,
      "max_memory_mb": 1131.76171875
    },
    {
      "model": "drm_125m",
      "family": "drm",
      "scale": "125m",
      "seed": 3,
      "parameter_count": 37253702,
      "best_val_ce": 2.354600191116333,
      "best_step": 800,
      "final_train_ce": 2.291245222091675,
      "final_val_ce": 2.3696627616882324,
      "final_val_ppl": 10.693785321833962,
      "elapsed_sec": 969.3340341999992,
      "train_elapsed_sec": 965.180914500017,
      "eval_elapsed_sec": 3.317925200002719,
      "tokens_seen": 2048000,
      "tokens_per_sec": 2121.881990446221,
      "wall_tokens_per_sec": 2112.790769479413,
      "max_memory_mb": 1131.76171875
    },
    {
      "model": "gpt2_125m",
      "family": "gpt2",
      "scale": "125m",
      "seed": 1,
      "parameter_count": 36915984,
      "best_val_ce": 2.878802537918091,
      "best_step": 900,
      "final_train_ce": 2.9100236892700195,
      "final_val_ce": 2.915748119354248,
      "final_val_ppl": 18.462619480395354,
      "elapsed_sec": 33.09773200000018,
      "train_elapsed_sec": 32.56628360000468,
      "eval_elapsed_sec": 0.10178019999875687,
      "tokens_seen": 2048000,
      "tokens_per_sec": 62887.1266109009,
      "wall_tokens_per_sec": 61877.351596175504,
      "max_memory_mb": 2138.50634765625
    },
    {
      "model": "gpt2_125m",
      "family": "gpt2",
      "scale": "125m",
      "seed": 2,
      "parameter_count": 36915984,
      "best_val_ce": 2.8742709159851074,
      "best_step": 500,
      "final_train_ce": 2.9353156089782715,
      "final_val_ce": 2.9112982749938965,
      "final_val_ppl": 18.38064621661941,
      "elapsed_sec": 34.68589609999981,
      "train_elapsed_sec": 34.24210789999597,
      "eval_elapsed_sec": 0.11714089999986754,
      "tokens_seen": 2048000,
      "tokens_per_sec": 59809.40209584004,
      "wall_tokens_per_sec": 59044.17155882593,
      "max_memory_mb": 2139.62060546875
    },
    {
      "model": "gpt2_125m",
      "family": "gpt2",
      "scale": "125m",
      "seed": 3,
      "parameter_count": 36915984,
      "best_val_ce": 2.9211645126342773,
      "best_step": 900,
      "final_train_ce": 2.88970685005188,
      "final_val_ce": 2.9485127925872803,
      "final_val_ppl": 19.077560330888783,
      "elapsed_sec": 34.18731170000137,
      "train_elapsed_sec": 33.327825999995184,
      "eval_elapsed_sec": 0.10823809999965306,
      "tokens_seen": 2048000,
      "tokens_per_sec": 61450.15279425355,
      "wall_tokens_per_sec": 59905.265964504535,
      "max_memory_mb": 2139.62060546875
    },
    {
      "model": "opt_125m",
      "family": "opt",
      "scale": "125m",
      "seed": 1,
      "parameter_count": 36916992,
      "best_val_ce": 2.8677148818969727,
      "best_step": 400,
      "final_train_ce": 2.8972132205963135,
      "final_val_ce": 2.991086483001709,
      "final_val_ppl": 19.907299688801373,
      "elapsed_sec": 30.933841199999733,
      "train_elapsed_sec": 30.390035900003568,
      "eval_elapsed_sec": 0.10486010000022361,
      "tokens_seen": 2048000,
      "tokens_per_sec": 67390.5094004762,
      "wall_tokens_per_sec": 66205.80957789418,
      "max_memory_mb": 1568.79736328125
    },
    {
      "model": "opt_125m",
      "family": "opt",
      "scale": "125m",
      "seed": 2,
      "parameter_count": 36916992,
      "best_val_ce": 2.9265923500061035,
      "best_step": 800,
      "final_train_ce": 3.008338212966919,
      "final_val_ce": 3.0275487899780273,
      "final_val_ppl": 20.64656145360838,
      "elapsed_sec": 30.8130084000004,
      "train_elapsed_sec": 30.164341800013062,
      "eval_elapsed_sec": 0.10510509999949136,
      "tokens_seen": 2048000,
      "tokens_per_sec": 67894.73523334473,
      "wall_tokens_per_sec": 66465.43477396948,
      "max_memory_mb": 1568.79736328125
    },
    {
      "model": "opt_125m",
      "family": "opt",
      "scale": "125m",
      "seed": 3,
      "parameter_count": 36916992,
      "best_val_ce": 2.8837921619415283,
      "best_step": 600,
      "final_train_ce": 2.8623342514038086,
      "final_val_ce": 2.900167465209961,
      "final_val_ppl": 18.17718916137073,
      "elapsed_sec": 30.64760390000083,
      "train_elapsed_sec": 29.90066989998013,
      "eval_elapsed_sec": 0.10584990000461403,
      "tokens_seen": 2048000,
      "tokens_per_sec": 68493.44870368141,
      "wall_tokens_per_sec": 66824.14738464903,
      "max_memory_mb": 1568.79736328125
    }
  ],
  "aggregate": [
    {
      "model": "drm_125m",
      "family": "drm",
      "scale": "125m",
      "n": 3,
      "parameter_count_mean": 37253702.0,
      "parameter_count_std": 0.0,
      "best_val_ce_mean": 2.306262969970703,
      "best_val_ce_std": 0.03912697571592269,
      "best_step_mean": 866.6666666666666,
      "best_step_std": 94.28090415820634,
      "final_train_ce_mean": 2.2820546627044678,
      "final_train_ce_std": 0.01593826484512816,
      "final_val_ce_mean": 2.3225136597951255,
      "final_val_ce_std": 0.04676763404487758,
      "final_val_ppl_mean": 10.21235907980346,
      "final_val_ppl_std": 0.47194363137781753,
      "elapsed_sec_mean": 1202.5570238333332,
      "elapsed_sec_std": 300.51128851673946,
      "train_elapsed_sec_mean": 1197.4497150999966,
      "train_elapsed_sec_std": 299.289270580209,
      "eval_elapsed_sec_mean": 4.123106066666878,
      "eval_elapsed_sec_std": 1.1063924244677645,
      "tokens_seen_mean": 2048000.0,
      "tokens_seen_std": 0.0,
      "tokens_per_sec_mean": 1806.5070917155476,
      "tokens_per_sec_std": 385.1742405760317,
      "wall_tokens_per_sec_mean": 1798.800959541134,
      "wall_tokens_per_sec_std": 383.47253589540713,
      "max_memory_mb_mean": 1131.76171875,
      "max_memory_mb_std": 0.0
    },
    {
      "model": "gpt2_125m",
      "family": "gpt2",
      "scale": "125m",
      "n": 3,
      "parameter_count_mean": 36915984.0,
      "parameter_count_std": 0.0,
      "best_val_ce_mean": 2.8914126555124917,
      "best_val_ce_std": 0.02111892754509135,
      "best_step_mean": 766.6666666666666,
      "best_step_std": 188.56180831641268,
      "final_train_ce_mean": 2.91168204943339,
      "final_train_ce_std": 0.01865658671041799,
      "final_val_ce_mean": 2.9251863956451416,
      "final_val_ce_std": 0.016593992375445205,
      "final_val_ppl_mean": 18.640275342634517,
      "final_val_ppl_std": 0.3110128879515242,
      "elapsed_sec_mean": 33.99031326666712,
      "elapsed_sec_std": 0.6631604075355233,
      "train_elapsed_sec_mean": 33.37873916666528,
      "train_elapsed_sec_std": 0.6850989631752032,
      "eval_elapsed_sec_mean": 0.10905306666609249,
      "eval_elapsed_sec_std": 0.006297401799238895,
      "tokens_seen_mean": 2048000.0,
      "tokens_seen_std": 0.0,
      "tokens_per_sec_mean": 61382.227166998164,