{
  "embedding": 7.056666557521869e-05,
  "state_initializer": 3.6899999637777604e-05,
  "direction_field": 0.13030613335528565,
  "relational_metric": 0.14438226664303025,
  "dynamics": 0.03696480000022954,
  "metric_solve": 0.011118566651324121,
  "losses": 0.0021139333596996344,
  "emitter": 0.020991000021846656,
  "total_profiled_sec": 0.34598416669662885
}