{
  "embedding": 0.00024289999176592877,
  "state_initializer": 5.5566662922501564e-05,
  "direction_field": 0.13963733331668968,
  "relational_metric": 0.15156299999216571,
  "dynamics": 0.03958653334605818,
  "metric_solve": 0.01143870001154331,
  "losses": 0.0021990333286036425,
  "emitter": 0.022444600021117367,
  "total_profiled_sec": 0.3671676666708663
}